UPC,ITEM,Main_UPC,UPC_GroupName,ArticleCode,GTIN,Article_Description,Source,7E_Brand,7E_Variant,7E_Flavour,7E_Size,Match_Level,Match_Type,Matched_MAT,MAPPING_UPC
8851019310190.0,GLICO BRAND POCKY CHOCOLATE 40GM,8851019310190.0,GLICO BRAND POCKY CHOCOLATE 40GM,27879,8851019310190,Pocky Stick Chocolate 40g,7-Eleven,Pocky,NONE,CHOCOLATE,40G,LEVEL_1,Exact/Flexible UPC Match,9567861.129,8851019310190
8851019310206.0,POCKY STRAWBERRY 40GM,8851019310206.0,POCKY STRAWBERRY 40GM,27880,8851019310206,Pocky Stick Strawberry 38g,7-Eleven,Pocky,NONE,STRAWBERRY,38G,LEVEL_1,Exact/Flexible UPC Match,270885.987,8851019310206
8851019310244.0,POCKY DOUBLE CHOCO 39G,8851019310244.0,POCKY DOUBLE CHOCO 39G,28418,8851019310244,Pocky Double Choc 39g,7-Eleven,Pocky,DOUBLE,CHOCOLATE,39G,LEVEL_1,Exact/Flexible UPC Match,640622.018,8851019310244
8851019500195.0,POCKY COOKIES AND CREAM 37G,8851019500195.0,POCKY COOKIES AND CREAM 37G,201468,8851019500195,Pocky Cookies & Cream 40g,7-Eleven,Pocky,NONE,COOKIES & CREAM,40G,LEVEL_1,Exact/Flexible UPC Match,304871.111,8851019500195
8851019500201.0,POCKY CHOCOLATE BANANA 37G,8851019500201.0,POCKY CHOCOLATE BANANA 37G,201469,8851019500201,Pocky Choco Banana 37g,7-Eleven,Pocky,NONE,BANANA,37G,LEVEL_1,Exact/Flexible UPC Match,1683.08,8851019500201
,,,,203006,8851019510330,Pocky Sakura 37g,7-Eleven,Pocky,NONE,Sakura,37G,GAP,No Match Found,0.0,
,,,,203527,8851019510613,Pocky Cendol 33g,7-Eleven,Pocky,NONE,CENDOL,33G,GAP,No Match Found,0.0,
8851019510637.0,POCKY COLORFUL 36G,8851019510637.0,POCKY COLORFUL 36G,203952,8851019510637,Pocky Colourful 36g,7-Eleven,Pocky,NONE,NONE,36G,LEVEL_1,Exact/Flexible UPC Match,256.5,8851019510637
8851019500683.0,GLICO POCKY WHOESME CHOCOLATE ALMOND 36G,8851019500683.0,GLICO POCKY WHOESME CHOCOLATE ALMOND 36G,203991,8851019510293,Pocky Almond Taste 36g,7-Eleven,Pocky,NONE,ALMOND,36G,LEVEL_2,Attribute/Flavour Match,252621.904,8851019500683
,,,,204215,8851019005324,Pocky Twin Pack - Strawberry,7-Eleven,Pocky,TWIN PACK,STRAWBERRY,NONE,GAP,No Match Found,0.0,
8851019005317.0,(PS) POCKY CHOCALATE TWIN PACK 80G (40GMX 2) [X1],8851019005317.0,(PS) POCKY CHOCALATE TWIN PACK 80G (40GMX 2) [X1],204229,8851019005317,Pocky Twin Pack - Chocolate,7-Eleven,Pocky,NONE,CHOCOLATE,NONE,LEVEL_1,Exact/Flexible UPC Match,25.0,8851019005317
,,,,204705,8851019005348,Pocky Tin - Strawberry 160g,7-Eleven,Pocky,TIN,STRAWBERRY,160G,GAP,No Match Found,0.0,
,,,,204727,8851019005331,Pocky Tin - Chocolate 160g,7-Eleven,Pocky,TIN,CHOCOLATE,160G,GAP,No Match Found,0.0,
8851019510323.0,POCKY COOKIES N CREAM FAMILY PACK 160GM (20GM X 8),8851019510323.0,POCKY COOKIES N CREAM FAMILY PACK 160GM (20GM X 8),205556,8851019510323,Pocky Family Pack Cookies & Cream 168g,7-Eleven,Pocky,FAMILY PACK,COOKIES & CREAM,168G,LEVEL_1,Exact/Flexible UPC Match,2855038.344,8851019510323
8851019310268.0,GLICO POCKY BISC FAMILY PA SBERY 176GM (22GM X 8),8851019310268.0,GLICO POCKY BISC FAMILY PA SBERY 176GM (22GM X 8),205557,8851019310268,Pocky Family Pack Strawberry 168g,7-Eleven,Pocky,FAMILY,STRAWBERRY,168G,LEVEL_1,Exact/Flexible UPC Match,222060.364,8851019310268
,,,,205965,8851019510729,Pocky Teh Tarik 33g,7-Eleven,Pocky,NONE,TEH TARIK,33G,GAP,No Match Found,0.0,
8851019500461.0,GLICO POCKY WATERMELON 36G,8851019500461.0,GLICO POCKY WATERMELON 36G,206523,8851019500461,Pocky Stick Watermelon 36g,7-Eleven,Pocky,NONE,WATERMELON,36G,LEVEL_1,Exact/Flexible UPC Match,2.95,8851019500461
8851019000329.0,POCKY HAPPINESS 32GM,8851019000329.0,POCKY HAPPINESS 32GM,216356,8851019000329,Pocky Stick Happiness 32g,7-Eleven,Pocky,HAPPINESS,NONE,32G,LEVEL_1,Exact/Flexible UPC Match,11.657,8851019000329
8851019000633.0,GLICO POCKY SUNSHINE PARADISE 32G,8851019000633.0,GLICO POCKY SUNSHINE PARADISE 32G,217577,8851019000633,Pocky Sunshine Paradise 32g-LTO,7-Eleven,Pocky,SUNSHINE PARADISE,NONE,32G,LEVEL_1,Exact/Flexible UPC Match,3303.266,8851019000633
8851019001029.0,POCKY FESTIVE DELIGHT 33G,8851019001029.0,POCKY FESTIVE DELIGHT 33G,218930,8851019001029,Pocky Festive Delight LTO 31g,7-Eleven,Pocky,FESTIVE DELIGHT,NONE,31G,LEVEL_1,Exact/Flexible UPC Match,137120.408,8851019001029
,,,,219575,4901005512696,Glico Pocky Cacao 60g,7-Eleven,Pocky,NONE,CACAO,60G,GAP,No Match Found,0.0,
8851019001531.0,POCKY BAKED CHEESECAKE 33GM,8851019001531.0,POCKY BAKED CHEESECAKE 33GM,220015,8851019001531,Pocky Baked Cheesecake LTO 33g,7-Eleven,Pocky,LTO,BAKED CHEESECAKE,33G,LEVEL_1,Exact/Flexible UPC Match,271070.684,8851019001531
8851019001302.0,POCKY CRUSHED FRT BLUEBERRY YOGURT 38G,8851019001302.0,POCKY CRUSHED FRT BLUEBERRY YOGURT 38G,222851,8851019001302,Pocky Crushed Blueberry Yogurt 38g,7-Eleven,Pocky,CRUSHED,BLUEBERRY YOGURT,38G,LEVEL_1,Exact/Flexible UPC Match,269385.781,8851019001302
,,,,222852,8851019600420,Pocky Stick Mini Milk 18g,7-Eleven,Pocky,MINI,MILK,18G,GAP,No Match Found,0.0,
8990044000222.0,POCKY CRUSHED NUTS ALMOND DARK CHOCOLATE 25G,8990044000222.0,POCKY CRUSHED NUTS ALMOND DARK CHOCOLATE 25G,222862,8990044000222,Pocky Crushed Almond Dark Chocolate 25g,7-Eleven,Pocky,CRUSHED,ALMOND DARK CHOCOLATE,25G,LEVEL_1,Exact/Flexible UPC Match,389182.235,8990044000222
,,,,222960,8851019600499,Pocky Rose LTO 31g,7-Eleven,Pocky,LTO,ROSE,31G,GAP,No Match Found,0.0,
4901005510029.0,GLICO POCKY CHOCOLATE 70GM,4901005510029.0,GLICO POCKY CHOCOLATE 70GM; GLICO POCKY CHOCOLATE GOKUBOSO X LINE 71GM,223071,4901005512689,Pocky Choco Slim 69.4g (Jp),7-Eleven,Pocky,SLIM,CHOCOLATE,69.4G,LEVEL_2,Attribute/Flavour Match,28552.193,4901005510029; 4901005510036
8851019310206.0,GLICO BRAND POCKY STRAWBERRY 38GM,8851019310206.0,GLICO BRAND POCKY STRAWBERRY 38GM,NEW,8851019310206,Extra item in Market,Master Stock (Market Gap),POCKY,,STRAWBERRY,38G,MARKET_HERO,Available in Market Only,8090016.169,8851019310206
200068515703.0,POCKY STRAWBERRY FLAVOUR 38G,200068515703.0,POCKY STRAWBERRY FLAVOUR 38G,NEW,200068515703,Extra item in Market,Master Stock (Market Gap),POCKY,STRAWBERRY,STRAWBERRY,38G,MARKET_HERO,Available in Market Only,32.64,200068515703
200068518050.0,POCKY CHOCOLATE FLAVOUR 40GX10,200068518050.0,POCKY CHOCOLATE FLAVOUR 40GX10,NEW,200068518050,Extra item in Market,Master Stock (Market Gap),POCKY,CHOCOLATE,CHOCOLATE,40G,MARKET_HERO,Available in Market Only,10388.739,200068518050
200068547039.0,GLICO POCKY GOKUBOSO 37.7GM,200068547039.0,GLICO POCKY GOKUBOSO 37.7GM,NEW,200068547039,Extra item in Market,Master Stock (Market Gap),POCKY,CHOCOLATE,NORMAL,37.7G,MARKET_HERO,Available in Market Only,791.084,200068547039
8851019005010.0,GLICO POCKY BISCUIT S/BERRY STICK 10X38GM,8851019005010.0,GLICO POCKY BISCUIT S/BERRY STICK 10X38GM,NEW,8851019005010,Extra item in Market,Master Stock (Market Gap),POCKY,,STRAWBERRY,380G,MARKET_HERO,Available in Market Only,42552.420999999995,8851019005010
200068684041.0,POCKY COOKIE&CREAM 40 GM,200068684041.0,POCKY COOKIE&CREAM 40 GM,NEW,200068684041,Extra item in Market,Master Stock (Market Gap),POCKY,COOKIES & CREAM,COOKIE & CREAM,40G,MARKET_HERO,Available in Market Only,2101.989,200068684041
200105488561.0,GLICO POCKY PEACH LYCHEE + ELDERFLOWER 31G,200105488561.0,GLICO POCKY PEACH LYCHEE + ELDERFLOWER 31G,NEW,200105488561,Extra item in Market,Master Stock (Market Gap),POCKY,PEACH LYCHEE & ELDERFLOWER,PEACH,31G,MARKET_HERO,Available in Market Only,107.072,200105488561
200148555934.0,GLICO POCKY TASTY CHOCOLATE (WHOLE GRAINS) 38.8G,200148555934.0,GLICO POCKY TASTY CHOCOLATE (WHOLE GRAINS) 38.8G,NEW,200148555934,Extra item in Market,Master Stock (Market Gap),POCKY,CHOCOLATE,CHOCOLATE,38.8G,MARKET_HERO,Available in Market Only,3.283,200148555934
200151132001.0,GLICO POCKY COCONUT 22.1G,200151132001.0,GLICO POCKY COCONUT 22.1G,NEW,200151132001,Extra item in Market,Master Stock (Market Gap),POCKY,COCONUT,NORMAL,22.1G,MARKET_HERO,Available in Market Only,3.45,200151132001
200153405721.0,GLICO POCKY CHOCOLATE KOI FUKAMI MATCHA 65G,200153405721.0,GLICO POCKY CHOCOLATE KOI FUKAMI MATCHA 65G,NEW,200153405721,Extra item in Market,Master Stock (Market Gap),POCKY,CHOCOLATE,CHOCOLATE,65G,MARKET_HERO,Available in Market Only,1414.992,200153405721
200153405754.0,GLICO POCKY COCONUT 50GM,200153405754.0,GLICO POCKY COCONUT 50GM,NEW,200153405754,Extra item in Market,Master Stock (Market Gap),POCKY,COCONUT,NORMAL,50G,MARKET_HERO,Available in Market Only,851.84,200153405754
200153405797.0,GLICO POCKY SALTED VANILA 58G,200153405797.0,GLICO POCKY SALTED VANILA 58G,NEW,200153405797,Extra item in Market,Master Stock (Market Gap),POCKY,SALTED VANILLA,VANILLA,58G,MARKET_HERO,Available in Market Only,826.91,200153405797
200153405856.0,GLICO POCKY STRAWBERRY 2SX27.5G,200153405856.0,GLICO POCKY STRAWBERRY 2SX27.5G,NEW,200153405856,Extra item in Market,Master Stock (Market Gap),POCKY,STRAWBERRY,STRAWBERRY,55G,MARKET_HERO,Available in Market Only,344.67,200153405856
200153406050.0,GLICO POCKY TASTY CHOCOLATE (WHOLE GRAINS) 58GM,200153406050.0,GLICO POCKY TASTY CHOCOLATE (WHOLE GRAINS) 58GM,NEW,200153406050,Extra item in Market,Master Stock (Market Gap),POCKY,CHOCOLATE,CHOCOLATE,58G,MARKET_HERO,Available in Market Only,677.07,200153406050
200153406166.0,GLICO POCKY STRAWBERRY FAMILY SET 21GMX8,200153406166.0,GLICO POCKY STRAWBERRY FAMILY SET 21GMX8,NEW,200153406166,Extra item in Market,Master Stock (Market Gap),POCKY,STRAWBERRY,STRAWBERRY,168G,MARKET_HERO,Available in Market Only,3415.556,200153406166
200174188470.0,GLICO POCKY CHOCOLATE FLAVOUR 2X37.7G,200174188470.0,GLICO POCKY CHOCOLATE FLAVOUR 2X37.7G,NEW,200174188470,Extra item in Market,Master Stock (Market Gap),POCKY,CHOCOLATE,CHOCOLATE,75.4G,MARKET_HERO,Available in Market Only,1261.24,200174188470
200174188484.0,GLICO POCKY WINTER LIMITED 2X31G,200174188484.0,GLICO POCKY WINTER LIMITED 2X31G,NEW,200174188484,Extra item in Market,Master Stock (Market Gap),POCKY,CHOCOLATE,NORMAL,62G,MARKET_HERO,Available in Market Only,452.0,200174188484
200174267708.0,GLICO TSUBU TSUBU ICHIGO POCKY HARTFULL 2X27.5G,200174267708.0,GLICO TSUBU TSUBU ICHIGO POCKY HARTFULL 2X27.5G,NEW,200174267708,Extra item in Market,Master Stock (Market Gap),POCKY,NONE,STRAWBERRY,55G,MARKET_HERO,Available in Market Only,1876.53,200174267708
200174498788.0,GLICO POCKY BUTTER CARAMEL WINTER EDITION 2X26.8G,200174498788.0,GLICO POCKY BUTTER CARAMEL WINTER EDITION 2X26.8G,NEW,200174498788,Extra item in Market,Master Stock (Market Gap),POCKY,BUTTER CARAMEL,BUTTER CARAMEL,53.6G,MARKET_HERO,Available in Market Only,453.8,200174498788
200197194664.0,GLICO POCKY COCONUT (SEASONAL LIMITED) 41GM,200197194664.0,GLICO POCKY COCONUT (SEASONAL LIMITED) 41GM,NEW,200197194664,Extra item in Market,Master Stock (Market Gap),POCKY,COCONUT,NORMAL,41G,MARKET_HERO,Available in Market Only,376.035,200197194664
4901005100466.0,GLICO TSUBUTSUBU ICHIGO POCKY HEARTFUL 21P 70G,4901005100466.0,GLICO TSUBUTSUBU ICHIGO POCKY HEARTFUL 21P 70G,NEW,4901005100466,Extra item in Market,Master Stock (Market Gap),POCKY,,STRAWBERRY,70G,MARKET_HERO,Available in Market Only,12613.452,4901005100466
4901005100473.0,GLICO ALMOND CRUSH POCKY 12GM,4901005100473.0,GLICO ALMOND CRUSH POCKY 12GM,NEW,4901005100473,Extra item in Market,Master Stock (Market Gap),POCKY,ALMOND CRUSH,ALMOND,12G,MARKET_HERO,Available in Market Only,10559.139,4901005100473
4901005118720.0,GLICO 9BAG POCKY CHOCOLATE COOKIE 127GM (14.1GMX9),4901005118720.0,GLICO 9BAG POCKY CHOCOLATE COOKIE 127GM (14.1GMX9),NEW,4901005118720,Extra item in Market,Master Stock (Market Gap),POCKY,CHOCOLATE,CHOCOLATE,127G,MARKET_HERO,Available in Market Only,9356.594,4901005118720
4901005118720.0,GLICO 9BAG POCKY CHOCOLATE COOKIE 133.2G (14.8GM X 9),4901005118720.0,GLICO 9BAG POCKY CHOCOLATE COOKIE 133.2G (14.8GM X 9),NEW,4901005118720,Extra item in Market,Master Stock (Market Gap),POCKY,CHOCOLATE,CHOCOLATE,133.2G,MARKET_HERO,Available in Market Only,4720.679,4901005118720
4901005118737.0,GLICO STRAWBERRY POCKY FS 9BAGX13.22 119G,4901005118737.0,GLICO STRAWBERRY POCKY FS 9BAGX13.22 119G,NEW,4901005118737,Extra item in Market,Master Stock (Market Gap),POCKY,STRAWBERRY,STRAWBERRY,119G,MARKET_HERO,Available in Market Only,14382.246,4901005118737
4901005510036.0,GLICO POCKY CHOCOLATE GOKUBOSO X LINE 71GM,4901005510036.0,GLICO POCKY CHOCOLATE GOKUBOSO X LINE 71GM,NEW,4901005510036,Extra item in Market,Master Stock (Market Gap),POCKY,,CHOCOLATE,71G,MARKET_HERO,Available in Market Only,17714.096999999998,4901005510036
8851019310206.0,GLICO POCKY GOKUBOSO 72G,8851019310206.0,GLICO POCKY GOKUBOSO 72G,NEW,8851019310206,Extra item in Market,Master Stock (Market Gap),POCKY,,NORMAL,72G,MARKET_HERO,Available in Market Only,92092.88,8851019310206
4901005512436.0,GLICO ALMOND CRUSH POCKY 66G,4901005512436.0,GLICO ALMOND CRUSH POCKY 66G,NEW,4901005512436,Extra item in Market,Master Stock (Market Gap),POCKY,,ALMOND,66G,MARKET_HERO,Available in Market Only,35404.824,4901005512436
4901005512405.0,GLICO POCKY CHOCOLATE FS 8BAG 8SX159G,4901005512405.0,GLICO POCKY CHOCOLATE FS 8BAG 8SX159G,NEW,4901005512405,Extra item in Market,Master Stock (Market Gap),POCKY,CHOCOLATE,CHOCOLATE,159G,MARKET_HERO,Available in Market Only,475.903,4901005512405
4901005512412.0,GLICO POCKY STRAWBERRY FS 8SX167G,4901005512412.0,GLICO POCKY STRAWBERRY FS 8SX167G,NEW,4901005512412,Extra item in Market,Master Stock (Market Gap),POCKY,STRAWBERRY,STRAWBERRY,167G,MARKET_HERO,Available in Market Only,310.855,4901005512412
4901005512429.0,GLICO TSUBU TSUBU ICHIGO POCKY (HEARTFUL) 53GM,4901005512429.0,GLICO TSUBU TSUBU ICHIGO POCKY (HEARTFUL) 53GM,NEW,4901005512429,Extra item in Market,Master Stock (Market Gap),POCKY,NONE,STRAWBERRY,53G,MARKET_HERO,Available in Market Only,29.7,4901005512429
4901005512429.0,GLICO POCKY STRAWBERRY 2SX55GM,4901005512429.0,GLICO POCKY STRAWBERRY 2SX55GM,NEW,4901005512429,Extra item in Market,Master Stock (Market Gap),POCKY,STRAWBERRY,STRAWBERRY,110G,MARKET_HERO,Available in Market Only,3129.463,4901005512429
4901005512429.0,GLICO TSUBU ICHIGO POCKY HARTFULL 2SX75G,4901005512429.0,GLICO TSUBU ICHIGO POCKY HARTFULL 2SX75G,NEW,4901005512429,Extra item in Market,Master Stock (Market Gap),POCKY,NONE,STRAWBERRY,150G,MARKET_HERO,Available in Market Only,27071.596,4901005512429
4901005512573.0,GLICO POCKY STRAWBERRY FS 8SX123G,4901005512573.0,GLICO POCKY STRAWBERRY FS 8SX123G,NEW,4901005512573,Extra item in Market,Master Stock (Market Gap),POCKY,STRAWBERRY,STRAWBERRY,123G,MARKET_HERO,Available in Market Only,31342.665,4901005512573
4901005512573.0,GLICO POCKY STRAWBERRY 125.1G (13.9G X 9),4901005512573.0,GLICO POCKY STRAWBERRY 125.1G (13.9G X 9),NEW,4901005512573,Extra item in Market,Master Stock (Market Gap),POCKY,STRAWBERRY,STRAWBERRY,125.1G,MARKET_HERO,Available in Market Only,4570.211,4901005512573
4901005512580.0,GLICO POCKY CHOCOLATE FS 8BAG 134G (8SX16 7GM),4901005512580.0,GLICO POCKY CHOCOLATE FS 8BAG 134G (8SX16 7GM),NEW,4901005512580,Extra item in Market,Master Stock (Market Gap),POCKY,CHOCOLATE,CHOCOLATE,134G,MARKET_HERO,Available in Market Only,35796.718,4901005512580
4901005512603.0,GLICO POCKY CHOCOLATE CACAO 60% 81G,4901005512603.0,GLICO POCKY CHOCOLATE CACAO 60% 81G,NEW,4901005512603,Extra item in Market,Master Stock (Market Gap),POCKY,CACAO,CHOCOLATE,81G,MARKET_HERO,Available in Market Only,4849.506,4901005512603
4901005512603.0,GLICO POCKY CACAO 60G,4901005512603.0,GLICO POCKY CACAO 60G,NEW,4901005512603,Extra item in Market,Master Stock (Market Gap),POCKY,,CACAO,60G,MARKET_HERO,Available in Market Only,4438.248,4901005512603
6901845040685.0,GLICO POCKY STICK CHOCOLATE 48G,6901845040685.0,GLICO POCKY STICK CHOCOLATE 48G,NEW,6901845040685,Extra item in Market,Master Stock (Market Gap),POCKY,CHOCOLATE,CHOCOLATE,48G,MARKET_HERO,Available in Market Only,1787.181,6901845040685
6901845040968.0,GLICO POCKY STICK MATCHA MOUSSE 48G,6901845040968.0,GLICO POCKY STICK MATCHA MOUSSE 48G,NEW,6901845040968,Extra item in Market,Master Stock (Market Gap),POCKY,MATCHA,NORMAL,48G,MARKET_HERO,Available in Market Only,5874.919,6901845040968
6901845041491.0,GLICO POCKY STICK DOUBLE CHOCOLATE 50G,6901845041491.0,GLICO POCKY STICK DOUBLE CHOCOLATE 50G,NEW,6901845041491,Extra item in Market,Master Stock (Market Gap),POCKY,DOUBLE CHOCOLATE,DOUBLE CHOC,50G,MARKET_HERO,Available in Market Only,94.519,6901845041491
6901845041606.0,GLICO POCKY STICK STRAWBERRY 50GM,6901845041606.0,GLICO POCKY STICK STRAWBERRY 50GM,NEW,6901845041606,Extra item in Market,Master Stock (Market Gap),POCKY,STRAWBERRY,STRAWBERRY,50G,MARKET_HERO,Available in Market Only,382.019,6901845041606
6901845045079.0,GLICO POCKY STICK MILK 55G,6901845045079.0,GLICO POCKY STICK MILK 55G,NEW,6901845045079,Extra item in Market,Master Stock (Market Gap),POCKY,MILK,MILK,55G,MARKET_HERO,Available in Market Only,1487.402,6901845045079
8851019000633.0,GLICO POCKY SUNSHINE PARADISE (L/ED) 31G,8851019000633.0,GLICO POCKY SUNSHINE PARADISE (L/ED) 31G,NEW,8851019000633,Extra item in Market,Master Stock (Market Gap),POCKY,NONE,SUNSHINE PARADISE,31G,MARKET_HERO,Available in Market Only,1287.571,8851019000633
8851019001029.0,POCKY FESTIVE DELIGHT LTO 31G,8851019001029.0,POCKY FESTIVE DELIGHT LTO 31G,NEW,8851019001029,Extra item in Market,Master Stock (Market Gap),POCKY,NONE,FESTIVE DELIGHT,31G,MARKET_HERO,Available in Market Only,40015.791,8851019001029
8851019001340.0,POCKY CRUSHED FRUITS STRAWBERRY PEACH YOGURT 38G,8851019001340.0,POCKY CRUSHED FRUITS STRAWBERRY PEACH YOGURT 38G,NEW,8851019001340,Extra item in Market,Master Stock (Market Gap),POCKY,STRAWBERRY PEACH YOGURT,PEACH YOGURT,38G,MARKET_HERO,Available in Market Only,374349.114,8851019001340
8851019310244.0,POCKY CHOCOLATE FLAVOUR 40 GM,8851019310244.0,POCKY CHOCOLATE FLAVOUR 40 GM,NEW,8851019310244,Extra item in Market,Master Stock (Market Gap),POCKY,,CHOCOLATE,40G,MARKET_HERO,Available in Market Only,145550.51200000002,8851019310244
8851019005003.0,GLICO POCKY BISCUIT CHOCO STICK 10X40 GM,8851019005003.0,GLICO POCKY BISCUIT CHOCO STICK 10X40 GM,NEW,8851019005003,Extra item in Market,Master Stock (Market Gap),POCKY,CHOCOLATE,CHOCOLATE,40G,MARKET_HERO,Available in Market Only,39593.739,8851019005003
8851019500164.0,POCKY GREEN TEA MATCHA 35 GM,8851019500164.0,POCKY GREEN TEA MATCHA 35 GM,NEW,8851019500164,Extra item in Market,Master Stock (Market Gap),POCKY,,GREEN TEA,35G,MARKET_HERO,Available in Market Only,1010025.93,8851019500164
8851019500195.0,GLICO POCKY COOKIES & CREAM 40G,8851019500195.0,GLICO POCKY COOKIES & CREAM 40G,NEW,8851019500195,Extra item in Market,Master Stock (Market Gap),POCKY,,COOKIE & CREAM,40G,MARKET_HERO,Available in Market Only,5819212.027,8851019500195
8851019005195.0,POCKY COOKIES & CREAM 10X40GM,8851019005195.0,POCKY COOKIES & CREAM 10X40GM,NEW,8851019005195,Extra item in Market,Master Stock (Market Gap),POCKY,COOKIES & CREAM,COOKIE & CREAM,400G,MARKET_HERO,Available in Market Only,15137.075,8851019005195
8851019310251.0,POCKY FAMILY PACK CHOCOLATE 176G (22GM X 8),8851019310251.0,POCKY FAMILY PACK CHOCOLATE 176G (22GM X 8),NEW,8851019310251,Extra item in Market,Master Stock (Market Gap),POCKY,,CHOCOLATE,176G,MARKET_HERO,Available in Market Only,7449554.591,8851019310251
8851019005850.0,POCKY UMMER PARADISE 31GM,8851019005850.0,POCKY UMMER PARADISE 31GM,NEW,8851019005850,Extra item in Market,Master Stock (Market Gap),POCKY,NONE,SUMMER PARADISE,31G,MARKET_HERO,Available in Market Only,97.5,8851019005850
8990044000000.0,POCKY CHOCOLATE 47G,8990044000000.0,POCKY CHOCOLATE 47G,NEW,8990044000000,Extra item in Market,Master Stock (Market Gap),POCKY,,CHOCOLATE,47G,MARKET_HERO,Available in Market Only,219498.397,8990044000000
8851019010007.0,POCKY STICK CHOCOLATE 49G,8851019010007.0,POCKY STICK CHOCOLATE 49G,NEW,8851019010007,Extra item in Market,Master Stock (Market Gap),POCKY,CHOCOLATE,CHOCOLATE,49G,MARKET_HERO,Available in Market Only,49961.563,8851019010007
8851019010014.0,POCKY STICK STRAWBERRY 47G,8851019010014.0,POCKY STICK STRAWBERRY 47G,NEW,8851019010014,Extra item in Market,Master Stock (Market Gap),POCKY,STRAWBERRY,STRAWBERRY,47G,MARKET_HERO,Available in Market Only,108042.484,8851019010014
8851019010021.0,POCKY STICK COOKIE AND CREAM 45G,8851019010021.0,POCKY STICK COOKIE AND CREAM 45G,NEW,8851019010021,Extra item in Market,Master Stock (Market Gap),POCKY,COOKIES & CREAM,COOKIE AND CREAM,45G,MARKET_HERO,Available in Market Only,20172.45,8851019010021
8851019010021.0,POCKY COOKIES & CREAM 47G,8851019010021.0,POCKY COOKIES & CREAM 47G,NEW,8851019010021,Extra item in Market,Master Stock (Market Gap),POCKY,COOKIES & CREAM,NORMAL,47G,MARKET_HERO,Available in Market Only,42.0,8851019010021
8851019010045.0,POCKY NUTTY ALMOND 43.5G,8851019010045.0,POCKY NUTTY ALMOND 43.5G,NEW,8851019010045,Extra item in Market,Master Stock (Market Gap),POCKY,ALMOND,ALMOND,43.5G,MARKET_HERO,Available in Market Only,6863.701,8851019010045
8851019010229.0,POCKY STICK MANGO 25G,8851019010229.0,POCKY STICK MANGO 25G,NEW,8851019010229,Extra item in Market,Master Stock (Market Gap),POCKY,MANGO,MANGO,25G,MARKET_HERO,Available in Market Only,539.593,8851019010229
8851019010274.0,GLICO CHOCO BANANA 25GM,8851019010274.0,GLICO CHOCO BANANA 25GM,NEW,8851019010274,Extra item in Market,Master Stock (Market Gap),POCKY,CHOCO BANANA,BANANA,25G,MARKET_HERO,Available in Market Only,81860.303,8851019010274
8851019015132.0,POCKY DOUBLE CHOCO 10X39G,8851019015132.0,POCKY DOUBLE CHOCO 10X39G,NEW,8851019015132,Extra item in Market,Master Stock (Market Gap),POCKY,DOUBLE CHOCOLATE,DOUBLE CHOC,10X39G,MARKET_HERO,Available in Market Only,51984.606,8851019015132
8851019015323.0,GLICO POCKY FAMILY PACK COOK&CREAM 5SX160GM(8X20G),8851019015323.0,GLICO POCKY FAMILY PACK COOK&CREAM 5SX160GM(8X20G),NEW,8851019015323,Extra item in Market,Master Stock (Market Gap),POCKY,COOKIES & CREAM,CREAM,160G,MARKET_HERO,Available in Market Only,1353.8,8851019015323
8990044000017.0,POCKY STRAWBERRY 45G,8990044000017.0,POCKY STRAWBERRY 45G,NEW,8990044000017,Extra item in Market,Master Stock (Market Gap),POCKY,,STRAWBERRY,45G,MARKET_HERO,Available in Market Only,139318.27,8990044000017
8851019210193.0,POCKY CHOCO BANANA 42GM,8851019210193.0,POCKY CHOCO BANANA 42GM,NEW,8851019210193,Extra item in Market,Master Stock (Market Gap),POCKY,CHOCO BANANA,BANANA,42G,MARKET_HERO,Available in Market Only,1798.81,8851019210193
8851019210223.0,POCKY MATCHA GREEN TEA 33GM,8851019210223.0,POCKY MATCHA GREEN TEA 33GM,NEW,8851019210223,Extra item in Market,Master Stock (Market Gap),POCKY,MATCHA,GREEN TEA,33G,MARKET_HERO,Available in Market Only,4209.291,8851019210223
8851019210292.0,EZAKI GLICO POCKY 40GM X1 DOUBLE CHOCOLATE,8851019210292.0,EZAKI GLICO POCKY 40GM X1 DOUBLE CHOCOLATE,NEW,8851019210292,Extra item in Market,Master Stock (Market Gap),POCKY,DOUBLE CHOCOLATE,DOUBLE CHOC,40G,MARKET_HERO,Available in Market Only,12747.322,8851019210292
8851019310190.0,GLICO POCKY CHOCOLATE FLAVOUR 35GM,8851019310190.0,GLICO POCKY CHOCOLATE FLAVOUR 35GM,NEW,8851019310190,Extra item in Market,Master Stock (Market Gap),POCKY,CHOCOLATE,CHOCOLATE,35G,MARKET_HERO,Available in Market Only,569442.056,8851019310190
8851019310220.0,GLICO BRAND POCKY MILK FLAVOUR 25GM,8851019310220.0,GLICO BRAND POCKY MILK FLAVOUR 25GM,NEW,8851019310220,Extra item in Market,Master Stock (Market Gap),POCKY,MILK,MILK,25G,MARKET_HERO,Available in Market Only,18.4,8851019310220
8851019310237.0,GLICO BRAND POCKY CHOCO BANANA FLAVOUR 25GM,8851019310237.0,GLICO BRAND POCKY CHOCO BANANA FLAVOUR 25GM,NEW,8851019310237,Extra item in Market,Master Stock (Market Gap),POCKY,CHOCO BANANA,BANANA,25G,MARKET_HERO,Available in Market Only,24.544,8851019310237
8851019310244.0,GLICO BRAND POCKY DOUBLE CHOCOLATE 39GM,8851019310244.0,GLICO BRAND POCKY DOUBLE CHOCOLATE 39GM,NEW,8851019310244,Extra item in Market,Master Stock (Market Gap),POCKY,DOUBLE CHOCOLATE,DOUBLE CHOC,39G,MARKET_HERO,Available in Market Only,2157367.943,8851019310244
8851019310268.0,POCKY FAMILY PACK STRAWBERRY 5SX168G(21GM X 8),8851019310268.0,POCKY FAMILY PACK STRAWBERRY 5SX168G(21GM X 8),NEW,8851019310268,Extra item in Market,Master Stock (Market Gap),POCKY,STRAWBERRY,STRAWBERRY,168G,MARKET_HERO,Available in Market Only,892.571,8851019310268
8851019310268.0,POCKY FAMILY PACK STRAWBERRY 168G(21GM X 8),8851019310268.0,POCKY FAMILY PACK STRAWBERRY 168G(21GM X 8),NEW,8851019310268,Extra item in Market,Master Stock (Market Gap),POCKY,STRAWBERRY,STRAWBERRY,168G,MARKET_HERO,Available in Market Only,5488007.632,8851019310268
8851019500676.0,POCKY WHOLESOME BLUEBERRY YOGHURT 36G,8851019500676.0,POCKY WHOLESOME BLUEBERRY YOGHURT 36G,NEW,8851019500676,Extra item in Market,Master Stock (Market Gap),POCKY,BLUEBERRY YOGHURT,BLUEBERRY,36G,MARKET_HERO,Available in Market Only,303778.527,8851019500676
8851019510132.0,GLICO POCKY DOUBLE CHOCOLATE 47GM,8851019510132.0,GLICO POCKY DOUBLE CHOCOLATE 47GM,NEW,8851019510132,Extra item in Market,Master Stock (Market Gap),POCKY,CHOCOLATE,DOUBLE CHOC,47G,MARKET_HERO,Available in Market Only,6286.647,8851019510132
8851019510279.0,POCKY MANGO 38 GM,8851019510279.0,POCKY MANGO 38 GM,NEW,8851019510279,Extra item in Market,Master Stock (Market Gap),POCKY,MANGO,MANGO,38G,MARKET_HERO,Available in Market Only,139.5,8851019510279
8851019510279.0,GLICO POCKY BISCUIT MANGO 39GM,8851019510279.0,GLICO POCKY BISCUIT MANGO 39GM,NEW,8851019510279,Extra item in Market,Master Stock (Market Gap),POCKY,MANGO,MANGO,39G,MARKET_HERO,Available in Market Only,3.29,8851019510279
8851019510637.0,POCKY COLOURFUL 33GM,8851019510637.0,POCKY COLOURFUL 33GM,NEW,8851019510637,Extra item in Market,Master Stock (Market Gap),POCKY,COLORFUL,NORMAL,33G,MARKET_HERO,Available in Market Only,97.725,8851019510637
8851019913100.0,GLICO POCKY FAMILY PACK CHOCOLATE (5X8X22 GM) 40X22 GM,8851019913100.0,GLICO POCKY FAMILY PACK CHOCOLATE (5X8X22 GM) 40X22 GM,NEW,8851019913100,Extra item in Market,Master Stock (Market Gap),POCKY,CHOCOLATE,CHOCOLATE,40X22G,MARKET_HERO,Available in Market Only,3011.841,8851019913100
8851019913209.0,GLICO POCKY FAMILY PACK STRAWBERRY 8X21GMX5,8851019913209.0,GLICO POCKY FAMILY PACK STRAWBERRY 8X21GMX5,NEW,8851019913209,Extra item in Market,Master Stock (Market Gap),POCKY,STRAWBERRY,STRAWBERRY,105G,MARKET_HERO,Available in Market Only,2114.2,8851019913209
8851019913308.0,POCKY STRAWBERRY 3*40G,8851019913308.0,POCKY STRAWBERRY 3*40G,NEW,8851019913308,Extra item in Market,Master Stock (Market Gap),POCKY,STRAWBERRY,STRAWBERRY,120G,MARKET_HERO,Available in Market Only,5.5,8851019913308
8990044000024.0,GLICO POCKY COOKIES & CREAM STICK 40G,8990044000024.0,GLICO POCKY COOKIES & CREAM STICK 40G,NEW,8990044000024,Extra item in Market,Master Stock (Market Gap),POCKY,COOKIES & CREAM,COOKIE & CREAM,40G,MARKET_HERO,Available in Market Only,96753.078,8990044000024
8990044000239.0,POCKY CRUSHED NUTS ALMOND MILK CHOCOLATE 25G,8990044000239.0,POCKY CRUSHED NUTS ALMOND MILK CHOCOLATE 25G,NEW,8990044000239,Extra item in Market,Master Stock (Market Gap),POCKY,ALMOND MILK CHOCOLATE,MILK CHOCOLATE,25G,MARKET_HERO,Available in Market Only,210434.643,8990044000239
9555067813489.0,POCKY GIANT PACK 553G(20SX27.6GM),9555067813489.0,POCKY GIANT PACK 553G(20SX27.6GM),NEW,9555067813489,Extra item in Market,Master Stock (Market Gap),POCKY,NONE,NORMAL,553G,MARKET_HERO,Available in Market Only,184628.532,9555067813489
