Markets,Product Segment,MANUFACTURER,MPACK,NRMSIZE,BRAND,ITEM,UPC,VARIANT,Facts,Dec 23 - w/e 31/12/23,Jan 24 - w/e 31/01/24,Feb 24 - w/e 29/02/24,Mar 24 - w/e 31/03/24,Apr 24 - w/e 30/04/24,May 24 - w/e 31/05/24,Jun 24 - w/e 30/06/24,Jul 24 - w/e 31/07/24,Aug 24 - w/e 31/08/24,Sep 24 - w/e 30/09/24,Oct 24 - w/e 31/10/24,Nov 24 - w/e 30/11/24,MAT Nov'24
Pen Malaysia,TOTAL BISCUITS,MONDELEZ,X1,114GM,CADBURY,CADBURY BOURNVILLE FINGERS 114GM,7622201438487,CHOCOLATE,Sales Value,,,,,,,611.60,"2,414.50","4,126.86","2,994.14","1,170.36",340.52,"11,657.98"
Pen Malaysia,TOTAL BISCUITS,MONDELEZ,X1,114GM,CADBURY,CADBURY BOURNVILLE FINGERS 114GM,7622201438487,CHOCOLATE,Sales (KG/LIT/000'U),,,,,,,5.02,19.80,43.37,39.73,20.27,3.79,131.97
Pen Malaysia,TOTAL BISCUITS,MONDELEZ,X1,114GM,CADBURY,CADBURY BOURNVILLE FINGERS 114GM,7622201438487,CHOCOLATE,Sales Units,,,,,,,44.00,173.71,380.41,348.55,177.77,33.20,"1,157.63"
Pen Malaysia,TOTAL BISCUITS,MONDELEZ,X1,114GM,CADBURY,CADBURY BOURNVILLE FINGERS 114GM,7622201438487,CHOCOLATE,Price per Sales (KG/LIT/000'U),,,,,,,121.93,121.93,95.16,75.36,57.75,89.97,88.34
Pen Malaysia,TOTAL BISCUITS,MONDELEZ,X1,114GM,CADBURY,CADBURY BOURNVILLE FINGERS 114GM,7622201438487,CHOCOLATE,Numeric Distribution Selling (C),,,,,,,0.002,0.08,0.08,0.07,0.03,0.04,0.08
Pen Malaysia,TOTAL BISCUITS,MONDELEZ,X1,114GM,CADBURY,CADBURY BOURNVILLE FINGERS 114GM,7622201438487,CHOCOLATE,Weighted Distribution - Reach - Product Segment,,,,,,,0.42,5.33,5.33,4.49,2.33,2.25,6.08
Pen Malaysia,TOTAL BISCUITS,MONDELEZ,X1,114GM,CADBURY,CADBURY FINGERS DARK CHOC 114GM,7622201442613,CHOCOLATE,Sales Value,"2,181.57","1,548.91","2,037.34","1,962.53","1,670.58","1,656.66",604.52,454.58,17.85,,,,"12,134.53"
Pen Malaysia,TOTAL BISCUITS,MONDELEZ,X1,114GM,CADBURY,CADBURY FINGERS DARK CHOC 114GM,7622201442613,CHOCOLATE,Sales (KG/LIT/000'U),22.816,16.888,22.98,18.96,18.00,20.49,6.89,6.84,0.34,,,,134.19
Pen Malaysia,TOTAL BISCUITS,MONDELEZ,X1,114GM,CADBURY,CADBURY FINGERS DARK CHOC 114GM,7622201442613,CHOCOLATE,Sales Units,200.144,148.144,201.57,166.29,157.86,179.72,60.43,60.00,3.00,,,,"1,177.14"
Pen Malaysia,TOTAL BISCUITS,MONDELEZ,X1,114GM,CADBURY,CADBURY FINGERS DARK CHOC 114GM,7622201442613,CHOCOLATE,Price per Sales (KG/LIT/000'U),95.616,91.716,88.66,103.53,92.831,80.86,87.75,66.46,52.19,,,,90.43
Pen Malaysia,TOTAL BISCUITS,MONDELEZ,X1,114GM,CADBURY,CADBURY FINGERS DARK CHOC 114GM,7622201442613,CHOCOLATE,Numeric Distribution Selling (C),0.035,0.031,0.037,0.032,0.032,0.031,0.021,0.01,0.00,,,,0.04
Pen Malaysia,TOTAL BISCUITS,MONDELEZ,X1,114GM,CADBURY,CADBURY FINGERS DARK CHOC 114GM,7622201442613,CHOCOLATE,Weighted Distribution - Reach - Product Segment,2.135,1.465,1.714,1.826,1.69,1.66,0.999,0.57,0.15,,,,2.09
Pen Malaysia,TOTAL BISCUITS,MONDELEZ,X1,114GM,CADBURY,CADBURY MILK FINGERS (UK) 114G,0072417161575,CHOCOLATE,Sales Value,,,,,162.16,"7,668.08","24,154.26","20,960.17","14,564.97","6,627.98","6,218.74","16,841.37","97,197.72"
Pen Malaysia,TOTAL BISCUITS,MONDELEZ,X1,114GM,CADBURY,CADBURY MILK FINGERS (UK) 114G,0072417161575,CHOCOLATE,Sales (KG/LIT/000'U),,,,,1.43,75.28,245.27,248.46,189.63,66.37,74.02,221.59,"1,122.05"
Pen Malaysia,TOTAL BISCUITS,MONDELEZ,X1,114GM,CADBURY,CADBURY MILK FINGERS (UK) 114G,0072417161575,CHOCOLATE,Sales Units,,,,,12.57,660.33,"2,151.46","2,179.45","1,663.45",582.16,649.32,"1,943.76","9,842.51"
Pen Malaysia,TOTAL BISCUITS,MONDELEZ,X1,114GM,CADBURY,CADBURY MILK FINGERS (UK) 114G,0072417161575,CHOCOLATE,Price per Sales (KG/LIT/000'U),,,,,113.163,101.863,98.481,84.36,76.81,99.87,84.01,76.00,86.63
Pen Malaysia,TOTAL BISCUITS,MONDELEZ,X1,114GM,CADBURY,CADBURY MILK FINGERS (UK) 114G,0072417161575,CHOCOLATE,Numeric Distribution Selling (C),,,,,0.002,0.055,0.056,0.06,0.06,0.06,0.04,0.08,0.09
Pen Malaysia,TOTAL BISCUITS,MONDELEZ,X1,114GM,CADBURY,CADBURY MILK FINGERS (UK) 114G,0072417161575,CHOCOLATE,Weighted Distribution - Reach - Product Segment,,,,,0.32,4.014,4.258,4.64,4.02,3.89,4.05,5.85,6.59
Pen Malaysia,TOTAL BISCUITS,MONDELEZ,X1,114GM,CADBURY,CADBURY MILK FINGERS 114G,0072417153143,CHOCOLATE,Sales Value,"4,557.45","3,335.84",957.68,151.12,"1,901.31","6,575.65","1,277.80",956.73,144.85,241.42,7.74,12.90,"20,120.46"
Pen Malaysia,TOTAL BISCUITS,MONDELEZ,X1,114GM,CADBURY,CADBURY MILK FINGERS 114G,0072417153143,CHOCOLATE,Sales (KG/LIT/000'U),40.28,29.53,8.46,1.34,16.89,58,12.03,12.98,2.13,2.22,0.23,0.11,184.38
Pen Malaysia,TOTAL BISCUITS,MONDELEZ,X1,114GM,CADBURY,CADBURY MILK FINGERS 114G,0072417153143,CHOCOLATE,Sales Units,353.29,258.99,74.24,11.72,148.12,510.41,105.55,113.87,18.71,19.43,2.00,1.00,"1,617.33"
Pen Malaysia,TOTAL BISCUITS,MONDELEZ,X1,114GM,CADBURY,CADBURY MILK FINGERS 114G,0072417153143,CHOCOLATE,Price per Sales (KG/LIT/000'U),113.158,112.984,113.16,113.20,112.60,113.009,106.19,73.70,67.91,108.99,33.95,113.16,109.13
Pen Malaysia,TOTAL BISCUITS,MONDELEZ,X1,114GM,CADBURY,CADBURY MILK FINGERS 114G,0072417153143,CHOCOLATE,Numeric Distribution Selling (C),0.047,0.042,0.041,0.003,0.059,0.024,0.022,0.02,0.01,0.00,0.00,0.00,0.07
Pen Malaysia,TOTAL BISCUITS,MONDELEZ,X1,114GM,CADBURY,CADBURY MILK FINGERS 114G,0072417153143,CHOCOLATE,Weighted Distribution - Reach - Product Segment,2.474,2.059,1.894,0.282,4.401,2.627,2.387,1.83,0.55,0.22,0.11,0.11,4.67
Pen Malaysia,TOTAL BISCUITS,MONDELEZ,X1,114GM,CADBURY,CADBURY MINT FINGERS 114GM,7622201494421,MINT,Sales Value,680.01,112.20,18.70,11.90,,,,,,,,,822.81
Pen Malaysia,TOTAL BISCUITS,MONDELEZ,X1,114GM,CADBURY,CADBURY MINT FINGERS 114GM,7622201494421,MINT,Sales (KG/LIT/000'U),7.87,1.19,0.18,0.11,,,,,,,,,9.35
Pen Malaysia,TOTAL BISCUITS,MONDELEZ,X1,114GM,CADBURY,CADBURY MINT FINGERS 114GM,7622201494421,MINT,Sales Units,69.001,10.43,1.57,1.00,,,,,,,,,82.00
Pen Malaysia,TOTAL BISCUITS,MONDELEZ,X1,114GM,CADBURY,CADBURY MINT FINGERS 114GM,7622201494421,MINT,Price per Sales (KG/LIT/000'U),86.449,94.365,104.469,104.386,,,,,,,,,88.02
Pen Malaysia,TOTAL BISCUITS,MONDELEZ,X1,114GM,CADBURY,CADBURY MINT FINGERS 114GM,7622201494421,MINT,Numeric Distribution Selling (C),0.013,0.006,0.001,0.001,,,,,,,,,0.01
Pen Malaysia,TOTAL BISCUITS,MONDELEZ,X1,114GM,CADBURY,CADBURY MINT FINGERS 114GM,7622201494421,MINT,Weighted Distribution - Reach - Product Segment,0.923,0.359,0.041,0.062,,,,,,,,,0.83
Pen Malaysia,TOTAL BISCUITS,MONDELEZ,X1,114GM,CADBURY,CADBURY ORANGE FINGERS 114G,7622201449810,ORANGE,Sales Value,,,,,,,639.40,"3,998.02","4,703.56","2,196.89","1,006.12","1,675.59","14,219.57"
Pen Malaysia,TOTAL BISCUITS,MONDELEZ,X1,114GM,CADBURY,CADBURY ORANGE FINGERS 114G,7622201449810,ORANGE,Sales (KG/LIT/000'U),,,,,,,5.24,33.14,38.96,22.62,9.81,15.49,125.26
Pen Malaysia,TOTAL BISCUITS,MONDELEZ,X1,114GM,CADBURY,CADBURY ORANGE FINGERS 114G,7622201449810,ORANGE,Sales Units,,,,,,,46.00,290.73,341.72,198.39,86.04,135.92,"1,098.79"
Pen Malaysia,TOTAL BISCUITS,MONDELEZ,X1,114GM,CADBURY,CADBURY ORANGE FINGERS 114G,7622201449810,ORANGE,Price per Sales (KG/LIT/000'U),,,,,,,121.93,120.63,120.74,97.14,102.58,108.14,113.52
Pen Malaysia,TOTAL BISCUITS,MONDELEZ,X1,114GM,CADBURY,CADBURY ORANGE FINGERS 114G,7622201449810,ORANGE,Numeric Distribution Selling (C),,,,,,,0.00,0.05,0.05,0.05,0.02,0.03,0.06
Pen Malaysia,TOTAL BISCUITS,MONDELEZ,X1,114GM,CADBURY,CADBURY ORANGE FINGERS 114G,7622201449810,ORANGE,Weighted Distribution - Reach - Product Segment,,,,,,,0.42,3.73,4.22,4.04,1.57,2.42,4.92
Pen Malaysia,TOTAL BISCUITS,MONDELEZ,X1,114GM,CADBURY,CADBURY SALTED CARAMEL FINGERS 114G,7622201765804,SALTED CARAMEL,Sales Value,765.855,"2,613.09","1,393.81",657.90,562.87,58.651,18.7,,,,,,"6,070.88"
Pen Malaysia,TOTAL BISCUITS,MONDELEZ,X1,114GM,CADBURY,CADBURY SALTED CARAMEL FINGERS 114G,7622201765804,SALTED CARAMEL,Sales (KG/LIT/000'U),7.394,28.972,17.849,6.531,9.055,1.254,0.179,,,,,,71.23
Pen Malaysia,TOTAL BISCUITS,MONDELEZ,X1,114GM,CADBURY,CADBURY SALTED CARAMEL FINGERS 114G,7622201765804,SALTED CARAMEL,Sales Units,64.858,254.145,156.57,57.286,79.428,11,1.571,,,,,,624.86
Pen Malaysia,TOTAL BISCUITS,MONDELEZ,X1,114GM,CADBURY,CADBURY SALTED CARAMEL FINGERS 114G,7622201765804,SALTED CARAMEL,Price per Sales (KG/LIT/000'U),103.578,90.193,78.09,100.74,62.16,46.77,104.47,,,,,,85.22
Pen Malaysia,TOTAL BISCUITS,MONDELEZ,X1,114GM,CADBURY,CADBURY SALTED CARAMEL FINGERS 114G,7622201765804,SALTED CARAMEL,Numeric Distribution Selling (C),0.015,0.029,0.03,0.02,0.02,0.00,0.00,,,,,,0.03
Pen Malaysia,TOTAL BISCUITS,MONDELEZ,X1,114GM,CADBURY,CADBURY SALTED CARAMEL FINGERS 114G,7622201765804,SALTED CARAMEL,Weighted Distribution - Reach - Product Segment,1.004,1.609,1.37,0.84,0.74,0.16,0.08,,,,,,1.81
Pen Malaysia,TOTAL BISCUITS,MONDELEZ,X1,114GM,CADBURY,CADBURY WHITE CHOCOLATE COVERED FINGERS 114G,7622201450335,WHITE CHOCOLATE,Sales Value,,,,,,,,"3,342.75","5,529.99","3,533.67","2,004.25","2,238.74","16,649.39"
Pen Malaysia,TOTAL BISCUITS,MONDELEZ,X1,114GM,CADBURY,CADBURY WHITE CHOCOLATE COVERED FINGERS 114G,7622201450335,WHITE CHOCOLATE,Sales (KG/LIT/000'U),,,,,,,,24.59,40.67,26.34,19.14,19.21,129.95
Pen Malaysia,TOTAL BISCUITS,MONDELEZ,X1,114GM,CADBURY,CADBURY WHITE CHOCOLATE COVERED FINGERS 114G,7622201450335,WHITE CHOCOLATE,Sales Units,,,,,,,,215.66,356.77,231.06,167.92,168.48,"1,139.89"
Pen Malaysia,TOTAL BISCUITS,MONDELEZ,X1,114GM,CADBURY,CADBURY WHITE CHOCOLATE COVERED FINGERS 114G,7622201450335,WHITE CHOCOLATE,Price per Sales (KG/LIT/000'U),,,,,,,,135.97,135.97,134.16,104.70,116.56,128.12
Pen Malaysia,TOTAL BISCUITS,MONDELEZ,X1,114GM,CADBURY,CADBURY WHITE CHOCOLATE COVERED FINGERS 114G,7622201450335,WHITE CHOCOLATE,Numeric Distribution Selling (C),,,,,,,,0.05,0.08,0.08,0.06,0.05,0.08
Pen Malaysia,TOTAL BISCUITS,MONDELEZ,X1,114GM,CADBURY,CADBURY WHITE CHOCOLATE COVERED FINGERS 114G,7622201450335,WHITE CHOCOLATE,Weighted Distribution - Reach - Product Segment,,,,,,,,4.01,5.22,5.20,3.40,2.85,5.68
Pen Malaysia,TOTAL BISCUITS,MONDELEZ,X1,135GM,CADBURY,CADBURY COOKIES CHOC CHIP 135G,7622210809049,CHOCOLATE CHIP,Sales Value,"4,646.54","3,406.29","3,602","2,105","2,183","10,550.20","13,837","18,075.05","6,102.76","1,845.29","1,104.58","7,079.73","74,537.20"
Pen Malaysia,TOTAL BISCUITS,MONDELEZ,X1,135GM,CADBURY,CADBURY COOKIES CHOC CHIP 135G,7622210809049,CHOCOLATE CHIP,Sales (KG/LIT/000'U),57.55,43.26,51,28.35,26.31,114.59,148.38,201.79,73.23,23.67,19.03,76.59,863.45
Pen Malaysia,TOTAL BISCUITS,MONDELEZ,X1,135GM,CADBURY,CADBURY COOKIES CHOC CHIP 135G,7622210809049,CHOCOLATE CHIP,Sales Units,426.29,320.43,375.57,210.00,194.86,848.85,"1,099.14","1,494.72",542.42,175.29,141.00,567.35,"6,395.92"
Pen Malaysia,TOTAL BISCUITS,MONDELEZ,X1,135GM,CADBURY,CADBURY COOKIES CHOC CHIP 135G,7622210809049,CHOCOLATE CHIP,Price per Sales (KG/LIT/000'U),80.741,78.744,71.04,74.26,82.99,92.07,93.25,89.58,83.34,77.98,58.03,92.43,86.33
Pen Malaysia,TOTAL BISCUITS,MONDELEZ,X1,135GM,CADBURY,CADBURY COOKIES CHOC CHIP 135G,7622210809049,CHOCOLATE CHIP,Numeric Distribution Selling (C),0.038,0.039,0.04,0.03,0.03,0.04,0.26,0.32,0.18,0.05,0.02,0.08,0.41
Pen Malaysia,TOTAL BISCUITS,MONDELEZ,X1,135GM,CADBURY,CADBURY COOKIES CHOC CHIP 135G,7622210809049,CHOCOLATE CHIP,Weighted Distribution - Reach - Product Segment,2.21,1.824,1.89,1.63,2.16,3.08,2.74,2.91,2.17,1.55,0.76,3.43,7.29
Pen Malaysia,TOTAL BISCUITS,MONDELEZ,X1,150GM,CADBURY,CADBURY COOKIES 150GM,8934680046640,CHOCOLATE,Sales Value,"1,042,417.65","895,862.92","795,367.68","715,758.32","644,396.16","656,031.17","538,032.89","562,399.47","604,226.74","561,922.06","570,862.65","764,081.64","8,351,359.35"
Pen Malaysia,TOTAL BISCUITS,MONDELEZ,X1,150GM,CADBURY,CADBURY COOKIES 150GM,8934680046640,CHOCOLATE,Sales (KG/LIT/000'U),"22,842.06","19,740.53","17,917.09","15,770.20","14,830.25","15,016.42","11,804.26","12,385.64","13,405.52","12,457.25","12,509.62","18,107.36","186,786.18"
Pen Malaysia,TOTAL BISCUITS,MONDELEZ,X1,150GM,CADBURY,CADBURY COOKIES 150GM,8934680046640,CHOCOLATE,Sales Units,"152,280.37","131,603.55","119,447.25","105,134.69","98,868.30","100,109.45","78,695.04","82,570.96","89,370.11","83,048.34","83,397.44","120,715.70","1,245,241.20"
Pen Malaysia,TOTAL BISCUITS,MONDELEZ,X1,150GM,CADBURY,CADBURY COOKIES 150GM,8934680046640,CHOCOLATE,Price per Sales (KG/LIT/000'U),45.636,45.382,44.39,45.39,43.45,43.69,45.58,45.41,45.07,45.11,45.63,42.20,44.71
Pen Malaysia,TOTAL BISCUITS,MONDELEZ,X1,150GM,CADBURY,CADBURY COOKIES 150GM,8934680046640,CHOCOLATE,Numeric Distribution Selling (C),5.594,5.297,5.322,5.157,5.112,4.958,4.726,4.60,4.65,4.78,4.77,4.86,6.25
Pen Malaysia,TOTAL BISCUITS,MONDELEZ,X1,150GM,CADBURY,CADBURY COOKIES 150GM,8934680046640,CHOCOLATE,Weighted Distribution - Reach - Product Segment,78.063,79.231,76.84,76.08,76.62,75.89,73.44,71.56,75.27,75.51,76.27,76.58,79.71
Pen Malaysia,TOTAL BISCUITS,MONDELEZ,X1,150GM,CADBURY,CADBURY XMAS ANIMAL FESTIVE FRIENDS 150 GM,7622210838209,NONE,Sales Value,"8,528.20",15.48,7.948,2.21,,,,,,,,,"8,553.84"
Pen Malaysia,TOTAL BISCUITS,MONDELEZ,X1,150GM,CADBURY,CADBURY XMAS ANIMAL FESTIVE FRIENDS 150 GM,7622210838209,NONE,Sales (KG/LIT/000'U),118.094,0.9,0.32,0.13,,,,,,,,,119.44
Pen Malaysia,TOTAL BISCUITS,MONDELEZ,X1,150GM,CADBURY,CADBURY XMAS ANIMAL FESTIVE FRIENDS 150 GM,7622210838209,NONE,Sales Units,787.29,6,2.143,0.857,,,,,,,,,796.29
Pen Malaysia,TOTAL BISCUITS,MONDELEZ,X1,150GM,CADBURY,CADBURY XMAS ANIMAL FESTIVE FRIENDS 150 GM,7622210838209,NONE,Price per Sales (KG/LIT/000'U),72.215,17.2,24.76,17.15,,,,,,,,,71.61
Pen Malaysia,TOTAL BISCUITS,MONDELEZ,X1,150GM,CADBURY,CADBURY XMAS ANIMAL FESTIVE FRIENDS 150 GM,7622210838209,NONE,Numeric Distribution Selling (C),0.05,0.006,0.00,0.00,,,,,,,,,0.05
Pen Malaysia,TOTAL BISCUITS,MONDELEZ,X1,150GM,CADBURY,CADBURY XMAS ANIMAL FESTIVE FRIENDS 150 GM,7622210838209,NONE,Weighted Distribution - Reach - Product Segment,3.176,0.291,0.12,0.06,,,,,,,,,2.70
Pen Malaysia,TOTAL BISCUITS,MONDELEZ,X1,156GM,CADBURY,CADBURY CHOCOLATE CENTRE COOKIES 156G,9300617061304,CHOCOLATE,Sales Value,,,,,,,"1,028.10","4,308.25","1,922.50",817.82,292.67,22.35,"8,391.68"
Pen Malaysia,TOTAL BISCUITS,MONDELEZ,X1,156GM,CADBURY,CADBURY CHOCOLATE CENTRE COOKIES 156G,9300617061304,CHOCOLATE,Sales (KG/LIT/000'U),,,,,,,10.76,45.11,20.24,9.09,5.13,0.31,90.64
Pen Malaysia,TOTAL BISCUITS,MONDELEZ,X1,156GM,CADBURY,CADBURY CHOCOLATE CENTRE COOKIES 156G,9300617061304,CHOCOLATE,Sales Units,,,,,,,69.00,289.14,129.71,58.29,32.86,2.00,581.00
Pen Malaysia,TOTAL BISCUITS,MONDELEZ,X1,156GM,CADBURY,CADBURY CHOCOLATE CENTRE COOKIES 156G,9300617061304,CHOCOLATE,Price per Sales (KG/LIT/000'U),,,,,,,95.51,95.51,95.01,89.94,57.10,71.64,92.59
Pen Malaysia,TOTAL BISCUITS,MONDELEZ,X1,156GM,CADBURY,CADBURY CHOCOLATE CENTRE COOKIES 156G,9300617061304,CHOCOLATE,Numeric Distribution Selling (C),,,,,,,0.028,0.04,0.04,0.02,0.01,0.00,0.04
Pen Malaysia,TOTAL BISCUITS,MONDELEZ,X1,156GM,CADBURY,CADBURY CHOCOLATE CENTRE COOKIES 156G,9300617061304,CHOCOLATE,Weighted Distribution - Reach - Product Segment,,,,,,,1.53,2.01,1.49,0.73,0.30,0.06,2.12
Pen Malaysia,TOTAL BISCUITS,MONDELEZ,X1,156GM,CADBURY,CADBURY CHOCOLATE CHIP COOKIES 156G,9300617061342,CHOCOLATE CHIP,Sales Value,,,,,,,715.20,"3,484.49","1,920.15","1,338.05",658.78,20.22,"8,136.89"
Pen Malaysia,TOTAL BISCUITS,MONDELEZ,X1,156GM,CADBURY,CADBURY CHOCOLATE CHIP COOKIES 156G,9300617061342,CHOCOLATE CHIP,Sales (KG/LIT/000'U),,,,,,,7.49,36.48,20.57,15.00,10.81,0.29,90.64
Pen Malaysia,TOTAL BISCUITS,MONDELEZ,X1,156GM,CADBURY,CADBURY CHOCOLATE CHIP COOKIES 156G,9300617061342,CHOCOLATE CHIP,Sales Units,,,,,,,48,233.86,131.86,96.15,69.29,1.86,581.00
Pen Malaysia,TOTAL BISCUITS,MONDELEZ,X1,156GM,CADBURY,CADBURY CHOCOLATE CHIP COOKIES 156G,9300617061342,CHOCOLATE CHIP,Price per Sales (KG/LIT/000'U),,,,,,,95.51,95.51,93.35,89.21,60.95,69.73,89.78
Pen Malaysia,TOTAL BISCUITS,MONDELEZ,X1,156GM,CADBURY,CADBURY CHOCOLATE CHIP COOKIES 156G,9300617061342,CHOCOLATE CHIP,Numeric Distribution Selling (C),,,,,,,0.02,0.04,0.03,0.03,0.02,0.00,0.04
Pen Malaysia,TOTAL BISCUITS,MONDELEZ,X1,156GM,CADBURY,CADBURY CHOCOLATE CHIP COOKIES 156G,9300617061342,CHOCOLATE CHIP,Weighted Distribution - Reach - Product Segment,,,,,,,1.10,1.99,1.52,1.32,0.75,0.08,2.12
Pen Malaysia,TOTAL BISCUITS,MONDELEZ,X1,156GM,CADBURY,CADBURY CRUNCHY MELTS CHOCOLATE 156GM,7622210764744,CHOCOLATE,Sales Value,"2,022.16","2,359.38","2,713.88","5,775.90","8,974.08","18,254.22","22,760.43","12,772.30","8,462.90","1,405.01",232.77,"8,029.51","93,762.53"
Pen Malaysia,TOTAL BISCUITS,MONDELEZ,X1,156GM,CADBURY,CADBURY CRUNCHY MELTS CHOCOLATE 156GM,7622210764744,CHOCOLATE,Sales (KG/LIT/000'U),22.42,26.654,28.55,60.55,99.53,199.63,257.85,150.75,101.21,27.36,2.92,86.55,"1,063.97"
Pen Malaysia,TOTAL BISCUITS,MONDELEZ,X1,156GM,CADBURY,CADBURY CRUNCHY MELTS CHOCOLATE 156GM,7622210764744,CHOCOLATE,Sales Units,143.716,170.859,183.00,388.14,638.04,"1,279.69","1,652.85",966.34,648.76,175.37,18.74,554.81,"6,820.33"
Pen Malaysia,TOTAL BISCUITS,MONDELEZ,X1,156GM,CADBURY,CADBURY CRUNCHY MELTS CHOCOLATE 156GM,7622210764744,CHOCOLATE,Price per Sales (KG/LIT/000'U),90.195,88.519,95.07,95.39,90.16,91.44,88.27,84.73,83.62,51.36,79.61,92.77,88.13
Pen Malaysia,TOTAL BISCUITS,MONDELEZ,X1,156GM,CADBURY,CADBURY CRUNCHY MELTS CHOCOLATE 156GM,7622210764744,CHOCOLATE,Numeric Distribution Selling (C),0.021,0.034,0.04,0.04,0.09,0.24,0.32,0.18,0.09,0.04,0.02,0.08,0.43
Pen Malaysia,TOTAL BISCUITS,MONDELEZ,X1,156GM,CADBURY,CADBURY CRUNCHY MELTS CHOCOLATE 156GM,7622210764744,CHOCOLATE,Weighted Distribution - Reach - Product Segment,1.479,1.707,1.85,2.16,5.06,4.96,3.82,5.21,4.34,2.42,0.74,3.62,10.22
Pen Malaysia,TOTAL BISCUITS,MONDELEZ,X1,156GM,CADBURY,CADBURY CRUNCHY MELTS OREO CREME 156G,7622201148553,OREO CREME,Sales Value,"1,291.72","1,940","2,091.91","4,467.87","2,696.59","12,280.84","15,933.34","8,547.55","2,739.05",512.73,246.22,"4,308.96","57,056.84"
Pen Malaysia,TOTAL BISCUITS,MONDELEZ,X1,156GM,CADBURY,CADBURY CRUNCHY MELTS OREO CREME 156G,7622201148553,OREO CREME,Sales (KG/LIT/000'U),14.58,21.77,23.71,50.30,30.26,137.83,180.69,98.57,31.16,6.93,4.77,48.39,648.96
Pen Malaysia,TOTAL BISCUITS,MONDELEZ,X1,156GM,CADBURY,CADBURY CRUNCHY MELTS OREO CREME 156G,7622201148553,OREO CREME,Sales Units,93.43,139.57,152.00,322.43,194.00,883.51,"1,158.28",631.86,199.71,44.43,30.57,310.21,"4,160.01"
Pen Malaysia,TOTAL BISCUITS,MONDELEZ,X1,156GM,CADBURY,CADBURY CRUNCHY MELTS OREO CREME 156G,7622201148553,OREO CREME,Price per Sales (KG/LIT/000'U),88.626,89.104,88.22,88.83,89.10,89.10,88.18,86.72,87.92,73.98,51.63,89.04,87.92
Pen Malaysia,TOTAL BISCUITS,MONDELEZ,X1,156GM,CADBURY,CADBURY CRUNCHY MELTS OREO CREME 156G,7622201148553,OREO CREME,Numeric Distribution Selling (C),0.024,0.034,0.03,0.04,0.04,0.28,0.36,0.18,0.08,0.02,0.01,0.07,0.50
Pen Malaysia,TOTAL BISCUITS,MONDELEZ,X1,156GM,CADBURY,CADBURY CRUNCHY MELTS OREO CREME 156G,7622201148553,OREO CREME,Weighted Distribution - Reach - Product Segment,1.616,1.684,1.80,2.11,2.73,3.58,3.08,2.52,1.39,0.60,0.16,3.16,7.44
Pen Malaysia,TOTAL BISCUITS,MONDELEZ,X1,156GM,CADBURY,CADBURY DAIRY MILK CRUNCHY MELT CHOCO OOKIES 156GM,7622201732509,CHOCOLATE,Sales Value,,,,,,,,,,,,"1,899.97","1,899.97"
Pen Malaysia,TOTAL BISCUITS,MONDELEZ,X1,156GM,CADBURY,CADBURY DAIRY MILK CRUNCHY MELT CHOCO OOKIES 156GM,7622201732509,CHOCOLATE,Sales (KG/LIT/000'U),,,,,,,,,,,,22.98,22.98
Pen Malaysia,TOTAL BISCUITS,MONDELEZ,X1,156GM,CADBURY,CADBURY DAIRY MILK CRUNCHY MELT CHOCO OOKIES 156GM,7622201732509,CHOCOLATE,Sales Units,,,,,,,,,,,,147.29,147.29
Pen Malaysia,TOTAL BISCUITS,MONDELEZ,X1,156GM,CADBURY,CADBURY DAIRY MILK CRUNCHY MELT CHOCO OOKIES 156GM,7622201732509,CHOCOLATE,Price per Sales (KG/LIT/000'U),,,,,,,,,,,,82.69,82.69
Pen Malaysia,TOTAL BISCUITS,MONDELEZ,X1,156GM,CADBURY,CADBURY DAIRY MILK CRUNCHY MELT CHOCO OOKIES 156GM,7622201732509,CHOCOLATE,Numeric Distribution Selling (C),,,,,,,,,,,,0.00,0.00
Pen Malaysia,TOTAL BISCUITS,MONDELEZ,X1,156GM,CADBURY,CADBURY DAIRY MILK CRUNCHY MELT CHOCO OOKIES 156GM,7622201732509,CHOCOLATE,Weighted Distribution - Reach - Product Segment,,,,,,,,,,,,0.52,0.55
Pen Malaysia,TOTAL BISCUITS,MONDELEZ,X1,156GM,CADBURY,CADBURY DOUBLE CHOCOLATE COOKIES 156G,9300617061380,DOUBLE CHOCOLATE,Sales Value,,,,,,,640.70,"2,228.63","2,181.75","1,302.50","1,059.16",501.29,"7,914.03"
Pen Malaysia,TOTAL BISCUITS,MONDELEZ,X1,156GM,CADBURY,CADBURY DOUBLE CHOCOLATE COOKIES 156G,9300617061380,DOUBLE CHOCOLATE,Sales (KG/LIT/000'U),,,,,,,6.71,23.33,22.91,13.95,12.93,9.47,89.30
Pen Malaysia,TOTAL BISCUITS,MONDELEZ,X1,156GM,CADBURY,CADBURY DOUBLE CHOCOLATE COOKIES 156G,9300617061380,DOUBLE CHOCOLATE,Sales Units,,,,,,,43.00,149.57,146.86,89.43,82.86,60.72,572.43
Pen Malaysia,TOTAL BISCUITS,MONDELEZ,X1,156GM,CADBURY,CADBURY DOUBLE CHOCOLATE COOKIES 156G,9300617061380,DOUBLE CHOCOLATE,Price per Sales (KG/LIT/000'U),,,,,,,95.51,95.51,95.24,93.36,81.95,52.93,88.62
Pen Malaysia,TOTAL BISCUITS,MONDELEZ,X1,156GM,CADBURY,CADBURY DOUBLE CHOCOLATE COOKIES 156G,9300617061380,DOUBLE CHOCOLATE,Numeric Distribution Selling (C),,,,,,,0.02,0.04,0.04,0.03,0.03,0.02,0.04
Pen Malaysia,TOTAL BISCUITS,MONDELEZ,X1,156GM,CADBURY,CADBURY DOUBLE CHOCOLATE COOKIES 156G,9300617061380,DOUBLE CHOCOLATE,Weighted Distribution - Reach - Product Segment,,,,,,,1.18,1.93,1.84,1.50,1.17,0.81,2.12
Pen Malaysia,TOTAL BISCUITS,MONDELEZ,X1,167GM,CADBURY,CADBURY DAIRY MILK FREDDO CHOC BISCUIT 167GM,7622210295767,MILK,Sales Value,"1,025.47",521.39,376.38,260.10,709.75,51.85,,549.10,297.50,187.01,115.60,40.80,"4,134.94"
Pen Malaysia,TOTAL BISCUITS,MONDELEZ,X1,167GM,CADBURY,CADBURY DAIRY MILK FREDDO CHOC BISCUIT 167GM,7622210295767,MILK,Sales (KG/LIT/000'U),14.744,9.137,9.42,3.65,18.01,1.36,,7.71,4.18,2.62,1.62,0.57,73.03
Pen Malaysia,TOTAL BISCUITS,MONDELEZ,X1,167GM,CADBURY,CADBURY DAIRY MILK FREDDO CHOC BISCUIT 167GM,7622210295767,MILK,Sales Units,88.286,54.714,56.43,21.86,107.86,8.14,,46.14,25.00,15.72,9.71,3.43,437.29
Pen Malaysia,TOTAL BISCUITS,MONDELEZ,X1,167GM,CADBURY,CADBURY DAIRY MILK FREDDO CHOC BISCUIT 167GM,7622210295767,MILK,Price per Sales (KG/LIT/000'U),69.552,57.064,39.94,71.26,39.40,38.13,,71.26,71.26,71.27,71.27,71.20,56.62
Pen Malaysia,TOTAL BISCUITS,MONDELEZ,X1,167GM,CADBURY,CADBURY DAIRY MILK FREDDO CHOC BISCUIT 167GM,7622210295767,MILK,Numeric Distribution Selling (C),0.015,0.014,0.01,0.01,0.01,0.00,,0.01,0.01,0.01,0.00,0.00,0.02
Pen Malaysia,TOTAL BISCUITS,MONDELEZ,X1,167GM,CADBURY,CADBURY DAIRY MILK FREDDO CHOC BISCUIT 167GM,7622210295767,MILK,Weighted Distribution - Reach - Product Segment,1.35,0.894,0.74,0.67,0.56,0.22,,0.30,0.28,0.27,0.12,0.11,1.16
Pen Malaysia,TOTAL BISCUITS,MONDELEZ,X1,189GM,CADBURY,CADBURY DAIRY MILK FINGERS MILK CHOCOLATE BISCUITS 189GM,7622201450366,CHOCOLATE,Sales Value,,,,,61.28,"5,675.28","19,684.49","10,281.89","18,141.19","14,358.87","3,208.98",16.72,"71,428.70"
Pen Malaysia,TOTAL BISCUITS,MONDELEZ,X1,189GM,CADBURY,CADBURY DAIRY MILK FINGERS MILK CHOCOLATE BISCUITS 189GM,7622201450366,CHOCOLATE,Sales (KG/LIT/000'U),,,,,0.59,55.20,191.79,112.89,235.13,178.24,47.88,0.16,821.89
Pen Malaysia,TOTAL BISCUITS,MONDELEZ,X1,189GM,CADBURY,CADBURY DAIRY MILK FINGERS MILK CHOCOLATE BISCUITS 189GM,7622201450366,CHOCOLATE,Sales Units,,,,,3.14,292.04,"1,014.76",597.31,"1,244.07",943.07,253.35,0.86,"4,348.60"
Pen Malaysia,TOTAL BISCUITS,MONDELEZ,X1,189GM,CADBURY,CADBURY DAIRY MILK FINGERS MILK CHOCOLATE BISCUITS 189GM,7622201450366,CHOCOLATE,Price per Sales (KG/LIT/000'U),,,,,103.17,102.821,102.636,91.08,77.15,80.56,67.02,103.18,86.91
Pen Malaysia,TOTAL BISCUITS,MONDELEZ,X1,189GM,CADBURY,CADBURY DAIRY MILK FINGERS MILK CHOCOLATE BISCUITS 189GM,7622201450366,CHOCOLATE,Numeric Distribution Selling (C),,,,,0.002,0.031,0.056,0.06,0.06,0.06,0.03,0.00,0.06
Pen Malaysia,TOTAL BISCUITS,MONDELEZ,X1,189GM,CADBURY,CADBURY DAIRY MILK FINGERS MILK CHOCOLATE BISCUITS 189GM,7622201450366,CHOCOLATE,Weighted Distribution - Reach - Product Segment,,,,,0.32,3.337,4.26,4.39,4.18,4.12,1.90,0.09,4.40
Pen Malaysia,TOTAL BISCUITS,MONDELEZ,X1,260GM,CADBURY,CADBURY CHOCO SANDWICH 260G,7622210830883,CHOCOLATE,Sales Value,"7,137.30","6,326.79","5,319.03","6,119.41","20,477.52","17,179.89","20,195.77","23,480.26","16,134.94","6,544.42","1,906.16","4,876.01","135,697.49"
Pen Malaysia,TOTAL BISCUITS,MONDELEZ,X1,260GM,CADBURY,CADBURY CHOCO SANDWICH 260G,7622210830883,CHOCOLATE,Sales (KG/LIT/000'U),149.13,140.77,140.23,128.29,515.54,376.38,420.45,578.18,393.51,159.53,50.08,97.52,"3,149.61"
Pen Malaysia,TOTAL BISCUITS,MONDELEZ,X1,260GM,CADBURY,CADBURY CHOCO SANDWICH 260G,7622210830883,CHOCOLATE,Sales Units,573.584,541.404,539.33,493.43,"1,982.86","1,447.61","1,617.12","2,223.78","1,513.49",613.58,192.61,375.07,"12,113.87"
Pen Malaysia,TOTAL BISCUITS,MONDELEZ,X1,260GM,CADBURY,CADBURY CHOCO SANDWICH 260G,7622210830883,CHOCOLATE,Price per Sales (KG/LIT/000'U),47.859,44.946,37.932,47.699,39.72,45.645,48.033,40.61,41.00,41.02,38.06,50.00,43.08
Pen Malaysia,TOTAL BISCUITS,MONDELEZ,X1,260GM,CADBURY,CADBURY CHOCO SANDWICH 260G,7622210830883,CHOCOLATE,Numeric Distribution Selling (C),0.082,0.086,0.083,0.048,0.106,0.108,0.087,0.10,0.12,0.08,0.04,0.08,0.19
Pen Malaysia,TOTAL BISCUITS,MONDELEZ,X1,260GM,CADBURY,CADBURY CHOCO SANDWICH 260G,7622210830883,CHOCOLATE,Weighted Distribution - Reach - Product Segment,4.398,4.039,3.85,2.76,6.58,7.30,5.71,6.58,7.43,4.94,2.67,3.53,10.96
Pen Malaysia,TOTAL BISCUITS,MONDELEZ,X1,29GM,CADBURY,CADBURY FINGERS COATED MILK CHOC BISCUIT 29GM,9556182023197,CHOCOLATE,Sales Value,,,,,,2.00,65.60,85.03,91.66,96.69,147.03,84.46,572.46
Pen Malaysia,TOTAL BISCUITS,MONDELEZ,X1,29GM,CADBURY,CADBURY FINGERS COATED MILK CHOC BISCUIT 29GM,9556182023197,CHOCOLATE,Sales (KG/LIT/000'U),,,,,,0.15,4.76,6.17,6.65,7.01,10.66,6.12,41.50
Pen Malaysia,TOTAL BISCUITS,MONDELEZ,X1,29GM,CADBURY,CADBURY FINGERS COATED MILK CHOC BISCUIT 29GM,9556182023197,CHOCOLATE,Sales Units,,,,,,5.00,164.00,212.57,229.14,241.72,367.56,211.14,"1,431.14"
Pen Malaysia,TOTAL BISCUITS,MONDELEZ,X1,29GM,CADBURY,CADBURY FINGERS COATED MILK CHOC BISCUIT 29GM,9556182023197,CHOCOLATE,Price per Sales (KG/LIT/000'U),,,,,,13.79,13.79,13.79,13.79,13.79,13.79,13.79,13.79
Pen Malaysia,TOTAL BISCUITS,MONDELEZ,X1,29GM,CADBURY,CADBURY FINGERS COATED MILK CHOC BISCUIT 29GM,9556182023197,CHOCOLATE,Numeric Distribution Selling (C),,,,,,0.00,0.00,0.00,0.00,0.00,0.00,0.00,0.00
Pen Malaysia,TOTAL BISCUITS,MONDELEZ,X1,29GM,CADBURY,CADBURY FINGERS COATED MILK CHOC BISCUIT 29GM,9556182023197,CHOCOLATE,Weighted Distribution - Reach - Product Segment,,,,,,0.00,0.00,0.00,0.00,0.00,0.00,0.00,0.00
Pen Malaysia,TOTAL BISCUITS,MONDELEZ,X1,30GM,CADBURY,CADBURY MEDIUM BARS FLAKE 30GM,0000093617406,CHOCOLATE,Sales Value,553.87,841.59,543.32,863.49,"1,060.58",898.95,"1,427.67","1,549.70","1,640.34",843.10,580.87,499.26,"11,302.73"
Pen Malaysia,TOTAL BISCUITS,MONDELEZ,X1,30GM,CADBURY,CADBURY MEDIUM BARS FLAKE 30GM,0000093617406,CHOCOLATE,Sales (KG/LIT/000'U),2.32,3.46,2.23,3.55,4.36,3.69,5.87,6.37,10.06,6.94,2.39,3.93,55.17
Pen Malaysia,TOTAL BISCUITS,MONDELEZ,X1,30GM,CADBURY,CADBURY MEDIUM BARS FLAKE 30GM,0000093617406,CHOCOLATE,Sales Units,77.43,115.29,74.43,118.29,145.29,123.14,195.57,212.29,335.28,231.29,79.57,131.14,"1,839.00"
Pen Malaysia,TOTAL BISCUITS,MONDELEZ,X1,30GM,CADBURY,CADBURY MEDIUM BARS FLAKE 30GM,0000093617406,CHOCOLATE,Price per Sales (KG/LIT/000'U),238.43,243.306,243.31,243.31,243.31,243.35,243.34,243.32,163.09,121.50,243.35,126.91,204.87
Pen Malaysia,TOTAL BISCUITS,MONDELEZ,X1,30GM,CADBURY,CADBURY MEDIUM BARS FLAKE 30GM,0000093617406,CHOCOLATE,Numeric Distribution Selling (C),0.002,0.002,0.01,0.01,0.01,0.01,0.01,0.01,0.01,0.01,0.00,0.00,0.01
Pen Malaysia,TOTAL BISCUITS,MONDELEZ,X1,30GM,CADBURY,CADBURY MEDIUM BARS FLAKE 30GM,0000093617406,CHOCOLATE,Weighted Distribution - Reach - Product Segment,0.341,0.26,0.371,0.409,0.453,0.449,0.547,0.61,0.62,0.43,0.23,0.21,0.57
Pen Malaysia,TOTAL BISCUITS,MONDELEZ,X1,50GM,CADBURY,CADBURY COOKIES 50G,7622202037634,NONE,Sales Value,"48,366.98","43,014.06","50,636.50","70,087.92","102,476.22","113,151.91","104,911.64","124,569.23","136,564.41","123,763.11","113,596.68","103,271.62","1,134,410.28"
Pen Malaysia,TOTAL BISCUITS,MONDELEZ,X1,50GM,CADBURY,CADBURY COOKIES 50G,7622202037634,NONE,Sales (KG/LIT/000'U),546.34,601.87,616.69,882.77,"1,319.97","1,399.13","1,340.64","1,568.28","1,712.99","1,557.72","1,432.53","1,368.52","14,347.43"
Pen Malaysia,TOTAL BISCUITS,MONDELEZ,X1,50GM,CADBURY,CADBURY COOKIES 50G,7622202037634,NONE,Sales Units,"10,926.80","12,037.30","12,333.71","17,655.32","26,399.49","27,982.66","26,812.81","31,365.52","34,259.75","31,154.31","28,650.50","27,370.42","286,948.59"
Pen Malaysia,TOTAL BISCUITS,MONDELEZ,X1,50GM,CADBURY,CADBURY COOKIES 50G,7622202037634,NONE,Price per Sales (KG/LIT/000'U),88.529,71.468,82.11,79.40,77.64,80.87,78.26,79.43,79.72,79.45,79.30,75.46,79.07
Pen Malaysia,TOTAL BISCUITS,MONDELEZ,X1,50GM,CADBURY,CADBURY COOKIES 50G,7622202037634,NONE,Numeric Distribution Selling (C),2.292,2.705,3.04,4.10,4.97,5.67,5.89,6.19,5.74,5.44,4.90,4.51,8.53
Pen Malaysia,TOTAL BISCUITS,MONDELEZ,X1,50GM,CADBURY,CADBURY COOKIES 50G,7622202037634,NONE,Weighted Distribution - Reach - Product Segment,2.383,2.206,3.00,4.23,5.41,5.85,10.48,11.23,11.10,10.95,10.84,10.63,14.34
Pen Malaysia,TOTAL BISCUITS,MONDELEZ,X1,90GM,CADBURY,CADBURY FESTIVE FRIENDS 90GM,0072417161797,NONE,Sales Value,"13,491.89",670.80,197.61,38.31,,,,,,,,,"14,398.61"
Pen Malaysia,TOTAL BISCUITS,MONDELEZ,X1,90GM,CADBURY,CADBURY FESTIVE FRIENDS 90GM,0072417161797,NONE,Sales (KG/LIT/000'U),97.294,5.03,3.07,0.80,,,,,,,,,106.19
Pen Malaysia,TOTAL BISCUITS,MONDELEZ,X1,90GM,CADBURY,CADBURY FESTIVE FRIENDS 90GM,0072417161797,NONE,Sales Units,"1,081.04",55.88,34,9,,,,,,,,,"1,179.92"
Pen Malaysia,TOTAL BISCUITS,MONDELEZ,X1,90GM,CADBURY,CADBURY FESTIVE FRIENDS 90GM,0072417161797,NONE,Price per Sales (KG/LIT/000'U),138.671,133.386,64.30,48.07,,,,,,,,,135.59
Pen Malaysia,TOTAL BISCUITS,MONDELEZ,X1,90GM,CADBURY,CADBURY FESTIVE FRIENDS 90GM,0072417161797,NONE,Numeric Distribution Selling (C),0.079,0.018,0.01,0.00,,,,,,,,,0.06
Pen Malaysia,TOTAL BISCUITS,MONDELEZ,X1,90GM,CADBURY,CADBURY FESTIVE FRIENDS 90GM,0072417161797,NONE,Weighted Distribution - Reach - Product Segment,4.881,2.143,0.70,0.27,,,,,,,,,4.45
Pen Malaysia,TOTAL BISCUITS,MONDELEZ,X1,94.8GM,CADBURY,CADBURY WISPA BISCUIT 94.8G,7622201714178,CHOCOLATE,Sales Value,690.21,175.10,134.30,202.30,102.00,68.00,79.90,,,,,,"1,451.81"
Pen Malaysia,TOTAL BISCUITS,MONDELEZ,X1,94.8GM,CADBURY,CADBURY WISPA BISCUIT 94.8G,7622201714178,CHOCOLATE,Sales (KG/LIT/000'U),5.498,1.395,1.07,1.61,0.81,0.54,0.64,,,,,,11.57
Pen Malaysia,TOTAL BISCUITS,MONDELEZ,X1,94.8GM,CADBURY,CADBURY WISPA BISCUIT 94.8G,7622201714178,CHOCOLATE,Sales Units,58,14.714,11.285,17.00,8.57,5.71,6.71,,,,,,122.00
Pen Malaysia,TOTAL BISCUITS,MONDELEZ,X1,94.8GM,CADBURY,CADBURY WISPA BISCUIT 94.8G,7622201714178,CHOCOLATE,Price per Sales (KG/LIT/000'U),125.537,125.52,125.51,125.50,125.46,125.46,125.43,,,,,,125.52
Pen Malaysia,TOTAL BISCUITS,MONDELEZ,X1,94.8GM,CADBURY,CADBURY WISPA BISCUIT 94.8G,7622201714178,CHOCOLATE,Numeric Distribution Selling (C),0.005,0.005,0.00,0.00,0.00,0.00,0.00,,,,,,0.01
Pen Malaysia,TOTAL BISCUITS,MONDELEZ,X1,94.8GM,CADBURY,CADBURY WISPA BISCUIT 94.8G,7622201714178,CHOCOLATE,Weighted Distribution - Reach - Product Segment,0.715,0.643,0.36,0.504,0.44,0.345,0.33,,,,,,0.70
Pen Malaysia,TOTAL BISCUITS,MONDELEZ,X108,25GM,CADBURY,CADBURY COOKIES 18SX6SX25G,8934680015301,NONE,Sales Value,250.20,,125.10,,122.40,,122.40,122.40,122.40,122.40,,,987.30
Pen Malaysia,TOTAL BISCUITS,MONDELEZ,X108,25GM,CADBURY,CADBURY COOKIES 18SX6SX25G,8934680015301,NONE,Sales (KG/LIT/000'U),5.40,,2.70,,2.70,,2.70,2.70,2.70,2.70,,,21.60
Pen Malaysia,TOTAL BISCUITS,MONDELEZ,X108,25GM,CADBURY,CADBURY COOKIES 18SX6SX25G,8934680015301,NONE,Sales Units,2,,1.00,,1.00,,1.00,1.00,1.00,1.00,,,8.00
Pen Malaysia,TOTAL BISCUITS,MONDELEZ,X108,25GM,CADBURY,CADBURY COOKIES 18SX6SX25G,8934680015301,NONE,Price per Sales (KG/LIT/000'U),46.333,,46.33,,45.33,,45.33,45.33,45.33,45.33,,,45.71
Pen Malaysia,TOTAL BISCUITS,MONDELEZ,X108,25GM,CADBURY,CADBURY COOKIES 18SX6SX25G,8934680015301,NONE,Numeric Distribution Selling (C),0.002,,0.00,,0.00,,0.00,0.00,0.00,0.00,,,0.01
Pen Malaysia,TOTAL BISCUITS,MONDELEZ,X108,25GM,CADBURY,CADBURY COOKIES 18SX6SX25G,8934680015301,NONE,Weighted Distribution - Reach - Product Segment,0.022,,0.01,,0.01,,0.01,0.01,0.01,0.01,,,0.05
Pen Malaysia,TOTAL BISCUITS,MONDELEZ,X18,150GM,CADBURY,CADBURY COOKIE 18X150G,200200419668,CHOCOLATE,Sales Value,,,,,,,,,,94.96,"1,101.14",,"1,196.10"
Pen Malaysia,TOTAL BISCUITS,MONDELEZ,X18,150GM,CADBURY,CADBURY COOKIE 18X150G,200200419668,CHOCOLATE,Sales (KG/LIT/000'U),,,,,,,,,,1.93,22.37,,24.30
Pen Malaysia,TOTAL BISCUITS,MONDELEZ,X18,150GM,CADBURY,CADBURY COOKIE 18X150G,200200419668,CHOCOLATE,Sales Units,,,,,,,,,,0.72,8.29,,9.00
Pen Malaysia,TOTAL BISCUITS,MONDELEZ,X18,150GM,CADBURY,CADBURY COOKIE 18X150G,200200419668,CHOCOLATE,Price per Sales (KG/LIT/000'U),,,,,,,,,,49.23,49.22,,49.22
Pen Malaysia,TOTAL BISCUITS,MONDELEZ,X18,150GM,CADBURY,CADBURY COOKIE 18X150G,200200419668,CHOCOLATE,Numeric Distribution Selling (C),,,,,,,,,,0.00,0.00,,0.00
Pen Malaysia,TOTAL BISCUITS,MONDELEZ,X18,150GM,CADBURY,CADBURY COOKIE 18X150G,200200419668,CHOCOLATE,Weighted Distribution - Reach - Product Segment,,,,,,,,,,0.17,0.25,,0.16
Pen Malaysia,TOTAL BISCUITS,MONDELEZ,X5,19.3GM,CADBURY,CADBURY MINI FINGERS 5X19.3GM (96.5 G),7622202050763,CHOCOLATE,Sales Value,,,,,,,,,,,,233.56,233.56
Pen Malaysia,TOTAL BISCUITS,MONDELEZ,X5,19.3GM,CADBURY,CADBURY MINI FINGERS 5X19.3GM (96.5 G),7622202050763,CHOCOLATE,Sales (KG/LIT/000'U),,,,,,,,,,,,2.07,2.07
Pen Malaysia,TOTAL BISCUITS,MONDELEZ,X5,19.3GM,CADBURY,CADBURY MINI FINGERS 5X19.3GM (96.5 G),7622202050763,CHOCOLATE,Sales Units,,,,,,,,,,,,21.43,21.43
Pen Malaysia,TOTAL BISCUITS,MONDELEZ,X5,19.3GM,CADBURY,CADBURY MINI FINGERS 5X19.3GM (96.5 G),7622202050763,CHOCOLATE,Price per Sales (KG/LIT/000'U),,,,,,,,,,,,112.94,112.94
Pen Malaysia,TOTAL BISCUITS,MONDELEZ,X5,19.3GM,CADBURY,CADBURY MINI FINGERS 5X19.3GM (96.5 G),7622202050763,CHOCOLATE,Numeric Distribution Selling (C),,,,,,,,,,,,0.01,0.01
Pen Malaysia,TOTAL BISCUITS,MONDELEZ,X5,19.3GM,CADBURY,CADBURY MINI FINGERS 5X19.3GM (96.5 G),7622202050763,CHOCOLATE,Weighted Distribution - Reach - Product Segment,,,,,,,,,,,,0.42,0.40
Pen Malaysia,TOTAL BISCUITS,MONDELEZ,X6,22GM,CADBURY,CADBURY FESTIVE ANIMALS 6PK 132GM (6SX22GM),7622202241062,CHOCOLATE,Sales Value,,,,,,,,,,,,488.47,488.47
Pen Malaysia,TOTAL BISCUITS,MONDELEZ,X6,22GM,CADBURY,CADBURY FESTIVE ANIMALS 6PK 132GM (6SX22GM),7622202241062,CHOCOLATE,Sales (KG/LIT/000'U),,,,,,,,,,,,4.64,4.64
Pen Malaysia,TOTAL BISCUITS,MONDELEZ,X6,22GM,CADBURY,CADBURY FESTIVE ANIMALS 6PK 132GM (6SX22GM),7622202241062,CHOCOLATE,Sales Units,,,,,,,,,,,,35.14,35.14
Pen Malaysia,TOTAL BISCUITS,MONDELEZ,X6,22GM,CADBURY,CADBURY FESTIVE ANIMALS 6PK 132GM (6SX22GM),7622202241062,CHOCOLATE,Price per Sales (KG/LIT/000'U),,,,,,,,,,,,105.30,105.30
Pen Malaysia,TOTAL BISCUITS,MONDELEZ,X6,22GM,CADBURY,CADBURY FESTIVE ANIMALS 6PK 132GM (6SX22GM),7622202241062,CHOCOLATE,Numeric Distribution Selling (C),,,,,,,,,,,,0.01,0.01
Pen Malaysia,TOTAL BISCUITS,MONDELEZ,X6,22GM,CADBURY,CADBURY FESTIVE ANIMALS 6PK 132GM (6SX22GM),7622202241062,CHOCOLATE,Weighted Distribution - Reach - Product Segment,,,,,,,,,,,,0.71,0.67
Pen Malaysia,TOTAL BISCUITS,MONDELEZ,X7,19.9GM,CADBURY,CADBURY MINI ANIMALS 139.3G (19.9GM X 7),7622210737250,CHOCOLATE,Sales Value,"2,853.33","2,383.99","2,391.20","2,170.27","6,753.42","7,403.05","2,951.54","1,103.29",362.38,19.93,,,"28,392.40"
Pen Malaysia,TOTAL BISCUITS,MONDELEZ,X7,19.9GM,CADBURY,CADBURY MINI ANIMALS 139.3G (19.9GM X 7),7622210737250,CHOCOLATE,Sales (KG/LIT/000'U),33.07,29.98,31.72,27.14,90.64,101.99,34.69,10.05,3.28,0.18,,,362.75
Pen Malaysia,TOTAL BISCUITS,MONDELEZ,X7,19.9GM,CADBURY,CADBURY MINI ANIMALS 139.3G (19.9GM X 7),7622210737250,CHOCOLATE,Sales Units,237.432,215.203,227.71,194.86,650.71,732.15,249.00,72.14,23.57,1.29,,,"2,604.06"
Pen Malaysia,TOTAL BISCUITS,MONDELEZ,X7,19.9GM,CADBURY,CADBURY MINI ANIMALS 139.3G (19.9GM X 7),7622210737250,CHOCOLATE,Price per Sales (KG/LIT/000'U),86.271,79.525,75.39,79.954,74.505,72.587,85.096,109.78,110.38,111.34,,,78.27
Pen Malaysia,TOTAL BISCUITS,MONDELEZ,X7,19.9GM,CADBURY,CADBURY MINI ANIMALS 139.3G (19.9GM X 7),7622210737250,CHOCOLATE,Numeric Distribution Selling (C),0.027,0.073,0.04,0.032,0.04,0.142,0.121,0.06,0.03,0.00,,,0.26
Pen Malaysia,TOTAL BISCUITS,MONDELEZ,X7,19.9GM,CADBURY,CADBURY MINI ANIMALS 139.3G (19.9GM X 7),7622210737250,CHOCOLATE,Weighted Distribution - Reach - Product Segment,1.697,3.766,1.999,1.732,2.211,2.238,1.233,0.22,0.09,0.00,,,4.73